create database TARge25

--db valimine
use master

--04.03.26
--2 tund

--db kustutamine
drop database TARge25

--tabeli tegemine
create table Gender
(
Id int not null primary key,
Gender nvarchar(10) not null
)

--andmete sisestamine
insert into Gender (Id, Gender)
values (2, 'Male'),
(1, 'Female'),
(3, 'Unknown')

--tabeli sisu vaatamine
select * from Gender

--tehke tabel nimega Person
create table Person
(
Id int not null primary key,
Name nvarchar(30),
Email nvarchar(30),
GenderId int
)

--andmete sisestamine
insert into Person (Id, Name, Email, GenderId)
values (1, 'Superman', 's@s.com', 2),
(2, 'Wonderwoman', 'w@w.com', 1),
(3, 'Batman', 'b@b.com', 2),
(4, 'Aquaman', 'a@a.com', 2),
(5, 'Catwoman', 'cat@cat.com', 1),
(6, 'Antman', 'ant"ant.com', 2),
(8, NULL, NULL, 2)

--soovime n‰ha Person tabeli sisu
select * from Person

--vıırvıtme ¸henduse loomine kahe tabeli vahel
alter table Person add constraint tblPerson_GenderId_FK
foreign key (GenderId) references Gender(Id)

--kui sisestad uue rea andmeid aj ei ole sisestanud genderId alla v‰‰rtust, siis
--see automaatselt sisestab sellele reale v‰‰rtuse 3 e mis meil on unknown
alter table Person
add constraint DF_Persons_GenderId
default 3 for GenderId

insert into Person (Id, Name, Email, GenderId)
values (7, 'Flash','f@f.com', NULL)

insert into Person (Id, Name, Email)
values (9, 'Plack Panther','p@p.com')

select * from Person

--kustutada DF_Persons_GenderId piirang koodiga
alter table Person
drop constraint DF_Persons_GenderId

--lisame koodiga veeru
alter table Person
add Age nvarchar(10)

--lisame nr piirangu vanuse sisestamisel
alter table Person
add constraint CK_Person_Age check (Age > 0 and Age < 155)

--kui sa tead veergude j‰rjekorda peast, 
--siis ei pea neid sisestama
insert into Person 
values (10, 'Green Arrow', 'g@g.com', 2, 154)

--constrainti kustutamine
alter table Person
drop constraint CK_Person_Age

alter table Person
add constraint CK_Person_Age check (Age > 0 and Age < 130)

-- kustutame rea
delete from Person where Id = 10

--kuidas uuendada andmeid koodiga
--Id 3 uus vanus on 50
update Person
set Age = 50
where Id = 3

--lisame Person tabelisse veeru City ja nvarchar 50
alter table Person
add City nvarchar(50)

--kıik, kes elavad Gothami linnas
select * from Person where City = 'Gotham'
--k]ik, kes ei ela Gothamis
select * from Person where City <> 'Gotham'
select * from Person where City != 'Gotham'
select * from Person where not City = 'Gotham'

--n'itab teatud vanusega inimesi
--35, 42, 23
select * from Person where Age = 35 or Age = 42 or Age = 23
select * from Person where Age in (35, 42, 23)

--n‰itab teatud vanusevahemikus olevaid isikuid 22 kuni 39
select * from Person where Age between 22 and 39

--wildcardi kasutamine
--n‰itab kıik g-t‰hega algavad linnad
select * from Person where City like 'g%'
--email, kus on @ m‰rk sees
select * from Person where Email like '%@%'

--n‰itab, kellel on emailis ees ja peale @-m‰rki ainult ¸ks t‰ht ja omakorda .com
select * from Person where Email like '_@_.com'

--kıik, kellel on nimes esimene t‰ht W, A, S
--katusega v'listab
select * from Person where  Name like '[^WAS]%'

select * from Person where  Name like '[WAS]%'

--kes elavad Gothamis ja New Yorkis
select * from Person where City = 'Gotham' or City = 'New York'

--kes elavad Gothamis ja New Yorkis ja on vanemad, kui 29
select * from Person where (City = 'Gotham' or City = 'New York')
and Age >= 30

--rida 124
-- 3 tund
--10.03.26

--kuvab t‰hestikulises j‰rjekorras inimesi ja vıtab aluseks nime
select * from Person order by Name
--kuvab vastupidises j‰rjestuses nimed
select * from Person order by Name desc

--vıtab kolm esimest rida person tabelist
select top 3 * from Person

--kolm esimest, aga tabeli j‰rjestus on Age ja siis Name
select * from Person
select top 3 Age, Name from Person order by cast(Age as int)

--n‰ita esimesed 50% tabelist
select top 50 percent * from Person

--kıikide isikute koondvanus
select sum(cast(Age as int)) from Person

--n‰itab kıige nooremat isikut
select min(cast(Age as int)) from Person

--kıige vanem isik
select max(cast(Age as int)) from Person

--muudame Age veeru int andmet¸¸biks
alter table Person
alter column Age int;

--n‰eme konkreetsetes linnades olevate isikute koondvanust
select City, sum(Age) as TotalAge from Person group by City

--kuvab esimeses reas v‰lja toodud j‰rjestuses ja kuvab Age TotalAge-ks
--j‰rjestab City-s olevate nimede j‰rgi ja siis GenderId j‰rgi
select City, GenderId, sum(Age) as TotalAge from Person
group by City, GenderId order by City

--n‰itab, et mitu rida on selles tabelis
select * from Person
select count(*) from Person

--n‰itab tulemust, et mitu inimest on GenderId v‰‰rtusega 2 konkreetses linnas
--arvutab vanuse kokku konkreetses linnas
select GenderId, City, sum(Age) as TotalAge, count(Id) as [Total Person(s)]
from Person
where GenderId = '2'
group by GenderId, City

--n‰itab ‰ra inimeste koondvanuse, mis on ¸le 41 a ja 
--kui palju neid igas linnas elab
--eristab soo j‰rgi
select GenderId, City, sum(Age) as TotalAge, count(Id) as [Total Person(s)]
from Person
group by GenderId, City having sum(Age) > 41

--loome tabelid Employees ja Department
create table Department
(
Id int primary key,
DepartmentName nvarchar(50),
Location nvarchar(50),
DepartmentHead nvarchar(50)
)

create table Employees
(
Id int primary key,
Name nvarchar(50),
Gender nvarchar(50),
Salary nvarchar(50),
DepartmentId int
)

insert into Employees (Id, Name, Gender, Salary, DepartmentId)
values (1, 'Tom', 'Male', 4000, 1),
(2, 'Pam', 'Female', 3000, 3),
(3, 'John', 'Male', 3500, 1),
(4, 'Sam', 'Male', 4500, 2),
(5, 'Todd', 'Male', 2800, 2),
(6, 'Ben', 'Male', 7000, 1),
(7, 'Sara', 'Female', 4800, 3),
(8, 'Valarie', 'Female', 5500, 1),
(9, 'James', 'Male', 6500, NULL),
(10, 'Russell', 'Male', 8800, NULL)

insert into Department(Id, DepartmentName, Location, DepartmentHead)
values 
(1, 'IT', 'London', 'Rick'),
(2, 'Payroll', 'Delhi', 'Ron'),
(3, 'HR', 'New York', 'Christie'),
(4, 'Other Department', 'Sydney', 'Cindrella')

--
select Name, Gender, Salary, DepartmentName
from Employees
left join Department
on Employees.DepartmentId = Department.Id

--arvutame kıikide palgad kokku
select sum(cast(Salary as int)) from Employees
--min palga saaja
select min(cast(Salary as int)) from Employees

--- rida 251
--- 4 tund
--- 17.03.26
--teeme left join p‰ringu
select Location, sum(cast(Salary as int)) as TotalSalary
from Employees
left join Department
on Employees.DepartmentId = Department.Id
group by Location --¸he kuu palgafond linnade lıikes

--teem veeru nimega City Employees tabelisse
--nvarchar 30
alter table Employees
add City nvarchar(30)

select * from Employees

--peale selecti tulevad veergude nimed
select City, Gender, sum(cast(Salary as int)) as TotalSalary 
--tabelist nimega Employees ja mis on grupitatud City ja Gender j‰rgi
from Employees group by City, Gender

--oleks vaja, et linnad oleksid t‰hestikulises j‰rjekorras
select City, Gender, sum(cast(Salary as int)) as TotalSalary 
from Employees group by City, Gender
order by City
--order by j‰rjestab linnad t‰hesitkuliselt, 
--aga kui on nullid, siis need tulevad kıige ette

-- loeb ‰ra, mitu rida on tabelis Employees
-- * asemele vıib panna ka veeru nime,
-- aga siis loeb ainult selle veeru v‰‰rtused, mis ei ole nullid
select COUNT(*) from Employees

--mitu tˆˆtajat on soo ja linna kaupa
select City, Gender, sum(cast(Salary as int)) as TotalSalary,
count(Id) as [Total Employee(s)]
from Employees 
group by City, Gender

--kuvab ainult kıik mehed linnade kaupa
select City, Gender, sum(cast(Salary as int)) as TotalSalary,
count(Id) as [Total Employee(s)]
from Employees 
where Gender = 'Female'
group by City, Gender

--sama tulemuse, aga kasutage having klauslit
select City, Gender, sum(cast(Salary as int)) as TotalSalary,
count(Id) as [Total Employee(s)]
from Employees 
group by City, Gender
having Gender = 'Male'

--n‰itab meile ainult need tˆˆtajad, kellel on palga summa ¸le 4000
select * from Employees
where sum(cast(Salary as int)) > 4000

select City, sum(cast(Salary as int)) as TotalSalary, Name,
count(Id) as [Total Employee(s)]
from Employees 
group by Salary, City, Name
having sum(cast(Salary as int)) > 4000

--loome tabeli, milles hakatakse automaatselt nummerdama Id-d
create table Test1
(
Id int identity(1,1) primary key,
Value nvarchar(30)
)

insert into Test1 values('X')
select * from Test1

--- kustutame veeru nimega City Employees tabelist
alter table Employees
drop column City

-- inner join
--kuvab neid, kellel on DepartmentName all olemas v‰‰rtus
select Name, Gender, Salary, DepartmentName
from Employees
inner join Department
on Employees.DepartmentId = Department.Id

-- left join
-- kuvab kıik read Employees tabelist, 
-- aga DepartmentName n‰itab ainult siis, kui on olemas
-- kui DepartmentId on null, siis DepartmentName n‰itab nulli
select Name, Gender, Salary, DepartmentName
from Employees
left join Department
on Employees.DepartmentId = Department.Id

-- right join
-- kuvab kıik read Department tabelist
-- aga Name n‰itab ainult siis, kui on olemas v‰‰rtus DepartmentId-s, mis on sama 
-- Department tabeli Id-ga
select Name, Gender, Salary, DepartmentName
from Employees
right join Department
on Employees.DepartmentId = Department.Id

-- full outer join ja full join on sama asi
-- kuvab kıik read mılemast tabelist, 
-- aga kui ei ole vastet, siis n‰itab nulli
select Name, Gender, Salary, DepartmentName
from Employees
full join Department
on Employees.DepartmentId = Department.Id

-- cross join
-- kuvab kıik read mılemast tabelist, aga ei vıta aluseks mingit veergu,
-- vaid lihtsalt kombineerib kıik read omavahel
-- kasutatakse harva, aga kui on vaja kombineerida kıiki 
-- vıimalikke kombinatsioone kahe tabeli vahel, siis vıib kasutada cross joini
select Name, Gender, Salary, DepartmentName
from Employees
cross join Department

-- p‰ringu sisu
select ColumnList
from LeftTable
joinType RightTable
on JoinCondition

select Name, Gender, Salary, DepartmentName
from Employees
inner join Department
on Department.Id = Employees.DepartmentId

-- kuidas kuvada ainult need isikud, kellel on DepartmentName NULL
select Name, Gender, Salary, DepartmentName
from Employees
left join Department
on Employees.DepartmentId = Department.Id
where Employees.DepartmentId is null

--teine variant
select Name, Gender, Salary, DepartmentName
from Employees
left join Department
on Employees.DepartmentId = Department.Id
where Department.Id is null

-- kuidas saame department tabelis oleva rea, kus on NULL
select Name, Gender, Salary, DepartmentName
from Employees
right join Department
on Employees.DepartmentId = Department.Id
where Employees.DepartmentId is null

--full join
--kus on vaja kuvada kıik read mılemast tabelist, 
--millel ei ole vastet
select Name, Gender, Salary, DepartmentName
from Employees
full join Department
on Employees.DepartmentId = Department.Id
where Employees.DepartmentId is null
or Department.Id is null

--tabeli nimetuse muutmine koodiga
sp_rename 'Employees1', 'Employees'

-- kasutame Employees tabeli asemel l¸hendit E ja M
-- aga enne seda lisame uue veeru nimega ManagerId ja see on int
alter table Employees
add ManagerId int

-- antud juhul E on Employees tabeli l¸hend ja M 
-- on samuti Employees tabeli l¸hend, aga me kasutame 
-- seda, et n‰idata, et see on manageri tabel
select E.Name as Employee, M.Name as Manager
from Employees E
left join Employees M
on E.ManagerId = M.Id

--inner join ja kasutame l¸hendeid
select E.Name as Employee, M.Name as Manager
from Employees E
inner join Employees M
on E.ManagerId = M.Id

--cross join ja kasutame l¸hendeid
select E.Name as Employee, M.Name as Manager
from Employees E
cross join Employees M


select FirstName, LastName, Phone, AddressID, AddressType
from SalesLT.CustomerAddress CA
left join SalesLT.Customer C
on CA.CustomerID = C.CustomerID

-- teha p‰ring, kus kasutate ProductModelit ja Product tabelit, 
-- et n‰ha, millised tooted on millise mudeliga seotud

select PM.Name as ProductModel, P.Name as Product
from SalesLT.Product P
left join SalesLT.ProductModel PM
on PM.ProductModelId = P.ProductModelId

--rida 412
--4 tund
--31.03.26
select isnull('Sinu Nimi', 'No Manager') as Manager

select COALESCE(null, 'No Manager') as Manager

--neil kellel ei ole ¸lemust, siis paneb neile No Manager teksti
select E.Name as Employee, isnull(M.Name, 'No Manager') as Manager
from Employees E
left join Employees M
on E.ManagerId = M.Id

-- kui Expression on ıige, siis paneb v‰‰rtuse, mida soovid vıi 
--vastasel juhul paneb No Manager teksti
case when Expression Then '' else '' end

--teeme p‰ringu, kus kasutame case-i
-- tuleb kasutada ka left join
select E.Name as Employee, case when M.Name is null then 'No Manager'
else M.Name end as Manager
from Employees E
left join Employees M
on E.ManagerId = M.Id

--lisame tabelisse uued veerud
alter table Employees
add MiddleName nvarchar(30)
alter table Employees
add LastName nvarchar(30)

--muudame veeru nime koodiga
sp_rename 'Employees.Middlename', 'MiddleName'
select* from Employees

update Employees
set FirstName = 'Tom', MiddleName = 'Nick', LastName = 'Jones'
where Id = 1

update Employees
set FirstName = 'Pam', MiddleName = NULL, LastName = 'Anderson'
where Id = 2

update Employees
set FirstName = 'John', MiddleName = NULL, LastName = NULL
where Id = 3

update Employees
set FirstName = 'Sam', MiddleName = NULL, LastName = 'Smith'
where Id = 4

update Employees
set FirstName = NULL, MiddleName = 'Todd', LastName = 'Someone'
where Id = 5

update Employees
set FirstName = 'Ben', MiddleName = 'Ten', LastName = 'Sven'
where Id = 6

update Employees
set FirstName = 'Sara', MiddleName = NULL, LastName = 'Connor'
where Id = 7

update Employees
set FirstName = 'Valarie', MiddleName = 'Balerine', LastName = NULL
where Id = 8

update Employees
set FirstName = 'James', MiddleName = '007', LastName = 'Bond'
where Id = 9

update Employees
set FirstName = NULL, MiddleName = NULL, LastName = 'Crowe'
where Id = 10

--igast reast vıtab esimesena mitte nulli v‰‰rtuse ja paneb Name veergu
--kasutada coalesce
select Id, coalesce(FirstName, MiddleName, LastName) as Name
from Employees

create table IndianCustomers
(
Id int identity(1,1),
Name nvarchar(25),
Email nvarchar(25)
)

create table UKCustomers
(
Id int identity(1,1),
Name nvarchar(25),
Email nvarchar(25)
)

insert into IndianCustomers (Name, Email)
values ('Raj', 'R@R.com'),
('Sam', 'S@S.com')

insert into UKCustomers (Name, Email)
values ('Ben', 'B@B.com'),
('Sam', 'S@S.com')

select * from IndianCustomers
select * from UKCustomers

--kasutate union all
--kahe tabeli andmete vaatamiseks
--n‰itab kıik read mılemast tabelist
select Id, Name, Email from IndianCustomers
union all
select Id, Name, Email from UKCustomers

--korduvate v‰‰rtuste eemaldamiseks kasutame unionit
select Id, Name, Email from IndianCustomers
union
select Id, Name, Email from UKCustomers

--kuidas tulemust sorteerida nime j‰rgi
--kasutada union all-i
select Id, Name, Email from IndianCustomers
union all
select Id, Name, Email from UKCustomers
order by Name

--stored procedure
--salvestatud protseduurid on SQL-i koodid, mis on salvest
--salvestatud andmebaasis ja mida saab k‰ivitada, 
--et teha mingi kindel tˆˆ ‰ra
create procedure spGetEmployees
as begin
	select FirstName, Gender from Employees
end

--n¸¸d saame kasutada spGetEmployees-i
spGetEmployees
exec spGetEmployees
execute spGetEmployees

---
create proc spGetEmployeesByGenderAndDepartment
@Gender nvarchar(10),
@DepartmentId int
as begin
	select FirstName, Gender, DepartmentId from Employees 
	where Gender = @Gender and DepartmentId = @DepartmentId
end

--miks saab veateate
spGetEmployeesByGenderAndDepartment
--ıige variant
spGetEmployeesByGenderAndDepartment 'female', 1
--kuidas minna sp j‰rjekorrast mˆˆda parameetrite sisestamisel
spGetEmployeesByGenderAndDepartment @DepartmentId = 1, @Gender = 'Male'

sp_helptext spGetEmployeesByGenderAndDepartment

--muudame sp-d ja vıti peale, et keegi teine 
--peale teie ei saaks seda muuta
alter procedure spGetEmployeesByGenderAndDepartment
@Gender nvarchar(10),
@DepartmentId int
with encryption --paneb vıtme peale
as begin
	select FirstName, Gender, DepartmentId from Employees 
	where Gender = @Gender and DepartmentId = @DepartmentId
end

--
create proc spGetEmployeeCountByGender
@Gender nvarchar(10),
--output on parameeter, mis vıimaldab meil salvestada protseduuri 
--sees tehtud arvutuse tulemuse ja kasutada seda v‰ljaspool protseduuri
@EmployeeCount int output
as begin
	select @EmployeeCount = count(Id) from Employees 
	where Gender = @Gender
end


--annab tulemuse, kus loendab ‰ra nıuetele vastavad read
--prindib tulemuse, mis on parameetris @EmployeeCount
declare @TotalCount int
exec spGetEmployeeCountByGender 'Female', @TotalCount out
if(@TotalCount = 0)
	print '@TotalCount is null'
else
	print '@TotalCount is not null'
print @TotalCount

--n‰itab ‰ra, et mitu rida vastab nıuetele
declare @TotalCount int
execute spGetEmployeeCountByGender 
--mis on out?
--out on parameeter, mis vıimaldab meil salvestada protseduuri
@EmployeeCount = @TotalCount out, @Gender = 'Male'
print @TotalCount

--sp sisu vaatamine
sp_help spGetEmployeeCountByGender
--tabeli info
sp_help Employees
--kui soovid sp teksti n‰ha
sp_helptext spGetEmployeeCountByGender

--vaatame, millest sıltub see sp
sp_depends spGetEmployeeCountByGender
--vaatame tabelit sp_depends-ga
sp_depends Employees

---
create proc spGetNameById
@Id int,
@Name nvarchar(30) output
as begin
	select @Id = Id, @Name = FirstName from Employees
end

--tahame n‰ha kogu tabelite ridade arvu
--count kasutada
create proc spTotalCount2
@TotalCount int output
as begin
	select @TotalCount = count(Id) from Employees
end

--saame teada, et mitu rida on tabelis
declare @TotalEmployees int
execute spTotalCount2 @TotalEmployees output
select @TotalEmployees

--mis id all on keegi nime j‰rgi
create proc spGetIdByName1
@Id int,
@FirstName nvarchar(30) output
as begin
	select @FirstName = FirstName from Employees where @Id = Id
end

--annab tulemuse, kus id 1 real on keegi koos nimega
declare @FirstName nvarchar(30)
execute spGetIdByName1 9, @FirstName output
print 'Name of the employee = ' + @FirstName

---
declare @FirstName nvarchar(30)
execute spGetNameById 3, @FirstName output
print 'Name of the employee = ' + @FirstName
--ei anna tulemust, sest sp-s on loogika viga
--sp-s on viga, sest @Id on parameeter, 
--mis on mıeldud selleks, et me saaksime sisestada id-d 
--ja saada nime, aga sp-s on loogika viga, sest see 
--¸ritab m‰‰rata @Id v‰‰rtuseks Id veeru v‰‰rtust, mis on vale

-- rida 662
--tund 5
--07.04.26
declare @FirstName nvarchar(30)
execute spGetNameById 1, @FirstName out
print 'Name of the employee = ' + @FirstName

sp_help spGetNameById

create proc spGetNameById2
@Id int
as begin
	return (select FirstName from Employees where Id = @Id)
end

declare @EmployeeName nvarchar(30)
execute @EmployeeName = spGetNameById2 3
print 'Name of the employee = ' + @EmployeeName


--------------------------
alter PROCEDURE spGetNameById2
    @FirstName NVARCHAR(30) OUTPUT,
    @Id INT
AS
BEGIN
    SELECT @FirstName = FirstName
    FROM Employees
    WHERE Id = @Id
END


DECLARE @FirstName NVARCHAR(30)
EXEC spGetNameById2
    @Id = 3,
    @FirstName = @FirstName OUTPUT
PRINT 'Name of the employee = ' + @FirstName
--return annab ainult int t¸¸pi v‰‰rtust, 
--seega ei saa kasutada return-i, et tagastada nime, 
--mis on nvarchar t¸¸pi

----sisseehitatud string funktsioonid
-- see konverteerib ASCII t‰he v‰‰rtuse numbriks
select ascii('A')
-- kuvab A-t‰he
select char(65)

--prindime kogu t‰hestiku v‰lja A-st Z-ni
--kasutame while ts¸klit
declare @Start int
set @Start = 1
while (@Start <= 122)
begin
	print char(@Start)
	set @Start = @Start + 1
end

--eemaldame t¸hjad kohad sulgudes
select ltrim('                  Hello')

--t¸hiukute eemaldamine sınas
select ltrim(FirstName) as FirstName, MiddleName, LastName
from Employees

select RTRIM('            Hello                  ')

--keerba kooloni sees olevad andmed vastupidiseks
--vastavalt upper ja lower-ga saan muuta m‰rkide suurust
--reverse funktsioon keerab stringi tagurpidi
select reverse(upper(ltrim(FirstName))) as FirstName, 
MiddleName,LOWER(LastName), rtrim(ltrim(FirstName)) + ' ' +
MiddleName + ' ' + LastName as FullName
from Employees

---left, right, substring
--left vıtab stringi vasakult poolt neli esimest t‰hte
select left('ABCDEF', 4)
--right vıtab stringi paremalt poolt neli esimest t‰hte
select right('ABCDEF', 4)

--kuvab @t‰hem‰rgi asetust
select charindex('@', 'sara@aaa.com')

--alates viiendast t‰hem‰rgist vıtab kaks t‰hte
select substring('leo@bbb.com', 5, 2)

--- @-m'rgist kuvab kolm t‰hem‰rki. Viimase nr saab 
-- m‰‰rata pikkust
select substring('leo@bbb.com', charindex('@', 'leo@bbb.com')
+ 1, 3)

---peale @-m‰rki reguleerin t‰hem‰rkide pikkuse n‰itamist
select SUBSTRING('leo@bbb.com', charindex('@', 'leo@bbb.com') + 2,
len('leo@bbb.com') - CHARINDEX('@', 'leo@bbb.com'))

--saame teada domeeninimed emailides
--kasutame Person tabelit ja substringi, len ja charindexi
select SUBSTRING(Email, charindex('@', Email) + 1,
len(Email) - charindex('@', Email)) as DomainName
from Person

select * from Person

alter table Employees
add Email nvarchar(20)

select * from Employees

update Employees set Email = 'Tom@aaa.com' where Id = 1
update Employees set Email = 'Pam@bbb.com' where Id = 2
update Employees set Email = 'John@aaa.com' where Id = 3
update Employees set Email = 'Sam@bbb.com' where Id = 4
update Employees set Email = 'Todd@bbb.com' where Id = 5
update Employees set Email = 'Ben@ccc.com' where Id = 6
update Employees set Email = 'Sara@ccc.com' where Id = 7
update Employees set Email = 'Valarie@aaa.com' where Id = 8
update Employees set Email = 'James@bbb.com' where Id = 9
update Employees set Email = 'Russel@bbb.com' where Id = 10

--lisame *-m‰rgi alates teatud kohast
select FirstName, LastName,
	substring(Email, 1, 2) + replicate('*', 5) +
	--peale teist t‰hem‰rki paneb viis t‰rni
	substring(Email, charindex('@', Email), len(Email) 
	- CHARINDEX('@', Email) + 1) as MaskedEmail
	--kuni @-m‰rgini paneb t‰rnid ja siis j‰tkab emaili n‰itamist
	--on d¸naamiline, sest kui emaili pikkus on erinev, 
	--siis paneb vastavalt t‰rne
from Employees

--kolm korda n‰itab stringis olevat v‰‰rtust
select replicate('Hello', 3)

--kuidas sisestada t¸hikut kahe nime vahele
--kasutada funktsiooni
select space(5)

--vıtame tabeli Employees ja kuvame eesnime ja perkonnanime vahele t¸hikut
select FirstName + space(25) + LastName as FullName from Employees

--PATINDEX
--sama, mis charindex, aga patindex vıimaldab kasutada wildcardi
--kasutame tabelit Employees ja leiame kıik read, kus emaili lıpus on aaa.com
select Email, PATINDEX('%@aaa.com', Email) as Position 
from Employees
where PATINDEX('%@aaa.com', Email) > 0
--leiame kıik read, kus emaili lıpus on aaa.com vıi bbb.com

--asendame emaili lıpus olevat domeeninimed
--.com asemel .net-iga, kasutage replace funktsiooni
select FirstName, LastName, Email,
REPLACE(Email, '.com', '.net') as NewEmail
from Employees

--soovin asendada peale esimest m‰rkki olevad t‰hed viie t‰rniga
select FirstName, LastName, Email,
	stuff(Email, 2, 3, '*****') as StuffedEmail
from Employees

---ajaga seotud andmet¸¸bid
create table DateTest
(
c_time time,
c_date date,
c_smalldatetime smalldatetime,
c_datetime datetime,
c_datetime2 datetime2,
c_datetimeoffset datetimeoffset
)

select * from DateTest

--sinu masina kellaaeg
select getdate() as CurrentDateTime

insert into DateTest
values (getdate(), getdate(), getdate(), getdate(), getdate(), getdate())
select * from DateTest

update DateTest set c_datetimeoffset = '2026-04-07 12:00:05.0566667 +02:00'
where c_datetimeoffset = '2026-04-07 17:13:05.0566667 +00:00'

select CURRENT_TIMESTAMP, 'CURRENT_TIMESTAMP' --aja p‰ring
select SYSDATETIME(), 'SYSDATETIME' --veel t‰psem aja p‰ring
select SYSDATETIMEOFFSET(), 'SYSDATETIMEOFFSET' --t‰pne aja ja ajavˆˆndi p‰ring
select GETUTCDATE(), 'GETUTCDATE' --UTC aja p‰ring

select isdate('asdasd') --tagastab 0, sest see ei ole kehtiv kuup‰ev
select isdate(getdate()) --tagastab 1, sest on kp
select isdate('2026-04-07 12:00:05.0566667') --tagastab 0 kuna max kolm komakohta v]ib olla
select isdate('2026-04-07 12:00:05.056') --tagastab 1
select day(getdate()) --annab t‰nase p‰eva nr
select day('03/29/2026') --annab stringis oleva kp ja j‰rjestus peab olema ıige
select month(getdate()) --annab jooksva kuu nr
select month('03/29/2026') -- annab stringis oleva kuu
select year(getdate()) -- annab jooksva aasta nr
select year('03/29/2026') -- annab stringis oleva aasta nr

--rida 841
--tund 6
--14.04.26

select datename(day, '2026-04-07 12:00:05.056') --annab stringis oleva p‰eva nime
select datename(weekday, '2026-04-07 12:00:05.056') --annab stringis oleva p‰eva nime
select datename(month, '2026-04-07 12:00:05.056') -- annab stringis oleva kuu nime

create table EmployeesWithDates
(
	Id nvarchar(2),
	Name nvarchar(20),
	DateOfBirth datetime
)

INSERT INTO EmployeesWithDates  (Id, Name, DateOfBirth)  
VALUES (1, 'Sam', '1980-12-30 00:00:00.000');
INSERT INTO EmployeesWithDates  (Id, Name, DateOfBirth)  
VALUES (2, 'Pam', '1982-09-01 12:02:36.260');
INSERT INTO EmployeesWithDates  (Id, Name, DateOfBirth)  
VALUES (3, 'John', '1985-08-22 12:03:30.370');
INSERT INTO EmployeesWithDates  (Id, Name, DateOfBirth)  
VALUES (4, 'Sara', '1979-11-29 12:59:30.670');

--kuidas vıtta ¸hest veerust andmeid ja selle abil luua uued veerud
select Name, DateOfBirth, Datename(weekday, DateOfBirth) as [Day],
	   MONTH(DateOfBirth) as [Month], 
	   DATENAME(month, DateOfBirth) as [MonthName],
	   YEAR(DateOfBirth) as [Year]
from EmployeesWithDates

select DATEPART(weekday, '2026-04-07 12:00:05.056') -- annab stringis oleva p‰eva nr, kus 1 on p¸hap‰ev
select DATEPART(month, '2026-04-07 12:00:05.056') -- annab stringis oleva kuu nr
select DATENAME(week, '2026-04-07 12:00:05.056')
select dateadd(day, 20, '2026-04-07 12:00:05.056') -- annab stringis oleva kuup‰eva, mis on 20 p‰eva p‰rast
select dateadd(day, -20, '2026-04-07 12:00:05.056') -- annab stringis oleva kuup‰eva, mis on 20 p‰eva enne
select datediff(month, '04/30/2025', '01/31/2026')
select datediff(year, '04/30/2025', '01/31/2026')

create function fnComputeAge(@DOB datetime)
returns nvarchar(50)
as begin
	declare @tempdate datetime, @years int, @months int, @days int
	select @tempdate = @DOB

	select @years = datediff(year, @tempdate, getdate()) - case when (month(@DOB) > month(getdate())) or (month(@DOB))
	= month(getdate()) and day(@DOB) > day(getdate()) then 1 else 0 end
	select @tempdate = dateadd(year, @years, @tempdate)

	select @months = datediff(month, @tempdate, getdate()) - case when day(@DOB) > day(getdate()) then 1 else 0 end
	select @tempdate = dateadd(month, @months, @tempdate)

	select @days = datediff(day, @tempdate, getdate())

	declare @Age nvarchar(50)
		set @Age = cast(@years as nvarchar(10)) + ' years, ' 
		+ cast(@months as nvarchar(10)) + ' months, ' 
		+ cast(@days as nvarchar(10)) + ' days old'
	return @Age
end

--saame vanuse v‰lja arvutada, kui kasutame fnComputeAge funktsiooni
select Name, DateOfBirth, dbo.fnComputeAge(DateOfBirth) as Age 
from EmployeesWithDates

--kui kasutame seda funktsiooni, siis saame teada t‰nase p‰eva vahet
--stringis olevaga
select dbo.fnComputeAge('03/23/2008')

--nr peale DOB muutujat n‰itab, 
--et missugusena j‰rjestuses me tahame n‰idata veeru sisu
select Id, Name, DateOfBirth,
convert(nvarchar,DateOfBirth, 109) as ConvertedDOB
from EmployeesWithDates

select Id, Name, Name + ' - ' + cast(Id as nvarchar) as [Name-Id]
from EmployeesWithDates

select cast(getdate() as date) --t‰nane kp
select convert(date, getdate()) --t‰nane kp

---matemaatilised funktsioonid
select abs(-101.5) --absoluutv‰‰rtus, tagastab 101.5
select ceiling(101.5) --tagastab 102, ¸mardab ¸les
select CEILING(-101.5) --tagastab -101, ¸mardab ¸les positiivsema nr poole
select floor(101.5) --tagastab 101, ¸mardab alla
select floor(-101.5) --tagastab -102, ¸mardab alla negatiivsema nr poole 
select power(2, 4) -- 2 astmel 4 e 2x2x2x2, esimene nr on alus
select SQUARE(5) -- tagastab 25, vıtab arvu ja korrutab iseendaga
select sqrt(25) --tagastab 5, vıtab arvu ja leiab selle ruutjuure

select rand() --tagastab juhusliku arvu vahemikus 0 kuni 1
--oleks vaja, et iga kord annab rand meile ¸he t‰isarvu vahemikus 1 kuni 100
select ceiling (rand() * 100)

--annab juhuslik number vahemikus 1 kuni 1000
--ja teeb seda 10 korda, et n‰ha erinevaid numbreid
declare @counter int
set @counter = 1
while (@counter <= 10)
begin
	print ceiling (rand() * 1000)
	set @counter = @counter + 1
end

select ROUND(850.556, 2) --¸mardab 850.556 kahe komakohani, tagastab 850.56
select ROUND(850.556, 2, 1) --¸mardab 850.556 kahe komakohani, 
--aga kui kolmas komakoht on 5 vıi suurem, siis ¸mardab alla, 
--tagastab 850.550
select ROUND(850.556, 1) --¸mardab 850.556 ¸he komakohani, tagastab 850.6
select ROUND(850.556, 1, 1)--¸mardab 850.556 ¸he komakohani, 
--aga kui kolmas komakoht on 5 vıi suurem, siis ¸mardab alla, tagastab 850.5
select ROUND(850.556, -2)--¸mardab 850.556 sadade kaupa, tagastab 900
select ROUND(850.556, -1)--¸mardab 850.556 k¸mnete kaupa, tagastab 850

create function dbo.CalculateAge (@DOB date)
returns int
as begin
declare @Age int

set @Age = datediff(year, @DOB, getdate()) -
	case 
		when (month(@DOB) > month(getdate())) or
			 (month(@DOB) = month(getdate()) and day(@DOB) > day(getdate())) 
		then 1 
		else 0
		end
	return @Age
end
-----
execute CalculateAge '10/25/1980'

--arvutab v'lja, kui vana on isik ja v]tab arvesse, 
--kas isiku s¸nnip‰ev on juba sel aastal olnud vıi mitte
--antud juhul n‰itab, kes on ¸le 40 aasta vanad
select Id, dbo.CalculateAge(DateOfBirth) as Age from EmployeesWithDates
where dbo.CalculateAge(DateOfBirth) > 40

---inline table valued functions
--teha EmployeesWithDates tabelisse
--uus veerg nimega DepartmentId int,
-- ja teine veerg on Gender nvarchar(10)

update EmployeesWithDates set Gender = 'Male', DepartmentId = 1
where Id = 1
update EmployeesWithDates set Gender = 'Female', DepartmentId = 2
where Id = 2
update EmployeesWithDates set Gender = 'Male', DepartmentId = 1
where Id = 3
update EmployeesWithDates set Gender = 'Female', DepartmentId = 3
where Id = 4
insert into EmployeesWithDates (Id, Name, DateOfBirth, DepartmentId, Gender)
values (5, 'Todd', '1978-11-29 12:59:30.670', 1, 'Male')

select * from EmployeesWithDates

--scalar function e skaleeritav funktsioon annab mingis vahemikus olevaid
--v‰‰rtusi, aga inline table valued function tagastab tabeli
--ja seal ei kasutata begin ja endi vahele kirjutamist, 
--vaid lihtsalt kirjutad selecti
create function fn_EmployeesByGender(@Gender nvarchar(10))
returns table
as
return (select Id, Name, DateOfBirth, DepartmentId, Gender
		from EmployeesWithDates
		where Gender = @Gender)

--soovime vaadata kıiki naisi EmployeesWithDates tabelist
select * from fn_EmployeesByGender('Female')

--soovin ainult n‰ha Pam ja kasutan funktsiooni fn_EmployeesByGender
select * from fn_EmployeesByGender('Female')
where Name = 'Pam'

--kahest erinevast tabelist andmete vıtmine ja koos kuvamine
--esimene on funktsioon ja teine on Department tabel
select Name, Gender, DepartmentName
from fn_EmployeesByGender('Male') E
join Department D on D.Id = E.DepartmentId

--inline funktsioon
create function fn_GetEmployees()
returns table as
return (select Id, Name, cast(DateOfBirth as date)
		as DOB
		from EmployeesWithDates)

select * from fn_GetEmployees()


--multi statement table valued function
create function fn_MS_GetEmployees()
returns @Table Table (Id int, Name nvarchar(20), DOB date)
as begin
	insert into @Table
	select Id, Name, cast(DateOfBirth as date) from EmployeesWithDates

	return
end

select * from fn_MS_GetEmployees()

--inline tabeli funktsioonid on paremini tˆˆtamas 
--kuna k‰sitletakse vaatena
--multi statement table valued funktsioonid on nagu tavalised funktsioonid,
--pm on tegemist stored procedurega ja see vıib olla aeglasem, 
--sest see ei saa kasutada vaate optimeerimist e kulutab rohkem ressurssi
select * from EmployeesWithDates
update fn_GetEmployees() set Name = 'Sara' where Id = 4 --saab muuta andmeid
select * from EmployeesWithDates
update fn_MS_GetEmployees() set Name = 'Sara' where Id = 4 
--ei saa muuta andmeid multistate table valued funktsioonis, 
--sest see on nagu stored procedure

--rida 1045
--tund 7
--21.04.26

--determnistic vs nondeterministic functions
select count(*) from EmployeesWithDates
--kıik tehtem‰rgid on deterministic, sest nad annavad alati sama tulemuse, 
--kui sisend on sama. Selle alla kuuluvad veel sum, avg, min, max, count
select square(3)

--mitte ettem‰‰ratud funktsioonid vıivad anda erinevaid tulemusi
select getdate() --kuna see annab alati jooksva aja, siis on nondeterministic
select CURRENT_TIMESTAMP
select rand()

--loome funktsiooni
create function fn_GetNameById(@id int)
returns nvarchar(20)
as begin
	return (select Name from EmployeesWithDates where Id = @id)
end

--kuidas saab kasutada fn_GetNameById funktsiooni
select dbo.fn_GetNameById(3)
--sellega saab n‰ha funktsiooni sisu
sp_helptext fn_GetNameById

--muuta funktsiooni fn_GetNameById ja kr¸pteerida see ‰ra, 
--et keegi teine peale sinu ei saaks seda muuta
alter function fn_GetNameById(@id int)
returns nvarchar(20)
with encryption
as begin
	return (select Name from EmployeesWithDates where Id = @id)
end
--n¸¸d kui tahame n‰ha fn_GetNameById funktsiooni sisu, siis ei saa
sp_helptext fn_GetNameById


create function fn_GetEmployeeNameById(@id int)
returns nvarchar(20)
with schemabinding
as begin
	return (select Name from EmployeesWithDates where Id = @id)
end
--tuleb veateade
--Cannot schema bind function 'fn_GetEmployeeNameById' 
--because name 'EmployeesWithDates' is invalid for schema binding. 
--Names must be in two-part format and an object cannot 
--reference itself.

--n¸¸d on korras variant
create function dbo.fn_GetEmployeeNameById123(@id int)
returns nvarchar(20)
with encryption, schemabinding
as begin
	return (select Name from dbo.EmployeesWithDates where Id = @id)
end

--mis on schemabinding?
--schemabinding seob p‰ringus oleva tabeli ‰ra ja ei luba seda muuta
--Mis see annab meile?
--see annab meile jıudluse eelise, sest SQL Server teab, et 
--see tabel ei muutu veergude osas

--ei saa tabelit kustutada, kui sellel on schemabindinguga funktsioon
drop table EmployeesWithDates

--temporary tables
--need on tabelid, mis on loodud ajutiselt ja kustutatakse automaatselt
--neid on kahte t¸¸pi: local temporary tables ja global temporary tables
--#-ga algavad local temporary tables ja 
--##-ga algavad global temporary tables

create table #PersonDetails(Id int, Name nvarchar(20))
--kuhu tabel tekkis?
insert into #PersonDetails values(1, 'Mike')
insert into #PersonDetails values(2, 'Max')
insert into #PersonDetails values(3, 'Uhura')
go
select * from #PersonDetails

--saame otsida seda objekti ¸lesse
select * from sysobjects
where Name like 'dbo.#PersonDetails______________________________________________________________________________________________________000000000007%'


--kustutame tabeli ‰ra
drop table #PersonDetails

--teeme stored procedure, mis loob 
--local temporary table-i ja t‰idab selle andmetega
create proc spCreateLocalTempTable
as begin
create table #PersonDetails(Id int, Name nvarchar(20))

insert into #PersonDetails values(1, 'Mike')
insert into #PersonDetails values(2, 'Max')
insert into #PersonDetails values(3, 'Uhura')

select * from #PersonDetails
end
---
exec spCreateLocalTempTable

select * from sysobjects
where Name like '[dbo].[#A895AD85]%'

---globaalse tabeli loomine
create table ##GlobalPersonDetails(Id int, Name nvarchar(20))
--mis on globaalse ja lokaalse tabeli erinevus?
--globaalse tabeli saab n‰ha ja kasutada kıigis sessioonides,
--lokaalse tabeli saab n‰ha ja kasutada ainult selles sessioonis, 
--kus see on loodud

--index
create table EmployeeWithSalary
(
Id int primary key,
Name nvarchar(25),
Salary int,
Gender nvarchar(10)
)

insert into EmployeeWithSalary values(1, 'Sam', 2500, 'Male')
insert into EmployeeWithSalary values(2, 'Pam', 6500, 'Female')
insert into EmployeeWithSalary values(3, 'John', 4500, 'Male')
insert into EmployeeWithSalary values(4, 'Sara', 5500, 'Female')
insert into EmployeeWithSalary values(5, 'Todd', 3100, 'Male')

select * from EmployeeWithSalary


select * from EmployeeWithSalary
where Salary > 4000 and Salary < 7000

--loome indeksi, mis asetab palga kahanevasse j‰rjestusse
create index IX_Employee_Salary
on EmployeeWithSalary(Salary desc)

create index IX_Employee_Salary123
on EmployeeWithSalary(Salary)
where Salary > 4000 and Salary < 7000

SELECT *
FROM EmployeeWithSalary WITH (INDEX(IX_Employee_Salary123))
WHERE Salary > 4000 AND Salary < 7000;
--proovige n¸¸d p‰rida tabelit EmployeeWithSalary
-- ja kasutada index-t IX_Employee_Salary
select * from EmployeeWithSalary with (index (IX_Employee_Salary))

--indeksi kustutamine
drop index IX_Employee_Salary123 on EmployeeWithSalary
drop index EmployeeWithSalary.IX_Employee_Salary

SET STATISTICS PROFILE ON;

SELECT Name, Salary
FROM EmployeeWithSalary
WHERE Salary > 1000 AND Salary < 5000;

SET STATISTICS PROFILE OFF;
---
SET SHOWPLAN_ALL ON;
go
SELECT Name, Salary
FROM EmployeeWithSalary
WHERE Salary > 1000 AND Salary < 5000;
go
SET SHOWPLAN_ALL OFF;
go


---- indeksi t¸¸bid:
--1. Klastrites olevad
--2. Mitte-klastris olevad
--3. Unikaalsed
--4. Filtreeritud
--5. XML
--6. T‰istekst
--7. Ruumiline
--8. Veerus‰ilitav
--9. Veergude indeksid
--10. V‰lja arvatud veergudega indeksid

-- klastris olev indeks m‰‰rab ‰ra tabelis oleva f¸¸silise j‰rjestuse 
-- ja selle tulemusel saab tabelis olla ainult ¸ks klastris olev indeks
--kui lisad primaarvıtme, siis luuakse automaatselt klastris olev indeks

create table EmployeeCity
(
Id int primary key,
Name nvarchar(25),
Salary int,
Gender nvarchar(10),
City nvarchar(20)
)

-- andmete ıige j‰rjestuse loovad klastris olevad indeksid 
-- ja kasutab selleks Id nr-t
-- pıhjus, miks antud juhul kasutab Id-d, tuleneb primaarvıtmest
insert into EmployeeCity values(3, 'John', 4500, 'Male', 'New York')
insert into EmployeeCity values(1, 'Sam', 2500, 'Male', 'London')
insert into EmployeeCity values(4, 'Sara', 5500, 'Female', 'Tokyo')
insert into EmployeeCity values(5, 'Todd', 3100, 'Male', 'Toronto')
insert into EmployeeCity values(2, 'Pam', 6500, 'Male', 'Sydney')

SELECT * FROM EmployeeCity

-- klastris olevad indeksid dikteerivad s‰ilitatud andmete j‰rjestuse tabelis 
-- ja seda saab klastrite puhul olla ainult ¸ks
CREATE clustered index IX_EmployeeCity_Name
on EmployeeCity(Name)
--- annab veateate, et tabelis saab olla ainult ¸ks klastris olev indeks
--- kui soovid, uut indeksit luua, siis kustuta olemasolev

--- saame luua ainult ¸he klastris oleva indeksi tabeli peale
--- klastris olev indeks on analoogne telefoni nr-le
--- enne seda p‰ringut kustutasime primaarvıtme indeksi ‰ra
SELECT * FROM EmployeeCity

--mitte klastris olev indeks
create nonclustered index IX_EmployeeCity_Name123
on EmployeeCity(Name)

exec sp_helpindex EmployeeCity

SELECT * FROM EmployeeCity

--- erinevused kahe indeksi vahel
--- 1. ainult ¸ks klastris olev indeks saab olla tabeli peale, 
--- mitte-klastris olevaid indekseid saab olla mitu
--- 2. klastris olevad indeksid on kiiremad kuna indeks peab 
--- tagasi viitama tabelile
--- Juhul, kui selekteeritud veerg ei ole olemas indeksis
--- 3. Klastris olev indeks m‰‰ratleb ‰ra tabeli ridade slavestusj‰rjestuse
--- ja ei nıua kettal lisa ruumi. Samas mitte klastris olevad indeksid on 
--- salvestatud tabelist eraldi ja nıuab lisa ruumi

create table EmployeeFirstName
(
	Id int primary key,
	FirstName nvarchar(25),
	LastName nvarchar(25),
	Salary int,
	Gender nvarchar(10),
	City nvarchar(20)
)

exec sp_helpindex EmployeeFirstName

--sisestame andmed tabelisse ja neid ei saa sisestada
insert into EmployeeFirstName 
values
(1, 'Mike', 'Sandoz', 4500, 'Male', 'New York'),
(1, 'John', 'Menco', 2500, 'Male', 'London')

--kustutame indeksi ‰ra
drop index EmployeeFirstName.PK__Employee__3214EC078089B561
--- kui k‰ivitad ¸levalpool oleva koodi, siis tuleb veateade
--- et SQL server kasutab UNIQUE indeksit jıustamaks v‰‰rtuste unikaalsust ja primaarvıtit
--- koodiga Unikaalseid Indekseid ei saa kustutada, aga k‰sitsi saab

insert into EmployeeFirstName 
values
(1, 'Mike', 'Sandoz', 4500, 'Male', 'New York'),
(1, 'John', 'Menco', 2500, 'Male', 'London')

create unique nonclustered index IX_Employee_FirstName_FirstName
on EmployeeFirstName(FirstName, LastName)

insert into EmployeeFirstName 
values
(1, 'Mike', 'Sandoz', 4500, 'Male', 'New York'),
(2, 'John', 'Menco', 2500, 'Male', 'London')
-- alguses annab veateate, et Mike Sandoz-st on kaks korda
-- ei saa lisada mitte-klastris olevat indeksit, kui ei ole unikaalseid andmeid
--- kustutame tabeli ja sisestame andmed uuesti

create table EmployeeFirstName
(
	Id int primary key,
	FirstName nvarchar(25),
	LastName nvarchar(25),
	Salary int,
	Gender nvarchar(10),
	City nvarchar(20)
)

insert into EmployeeFirstName 
values
(1, 'Mike', 'Sandoz', 4500, 'Male', 'New York'),
(2, 'John', 'Menco', 2500, 'Male', 'London')

--lisame uue unikaalse piirangu
alter table EmployeeFirstName
add constraint UQ_Employee_FirstName_City
unique nonclustered(City)

insert into EmployeeFirstName 
values
(3, 'John', 'Menco', 4500, 'Male', 'London')

--rida 1334
--tund 8
--28.04.26

